organization,type,contact_name_role,email,phone,address,source_url,notes
Master Builders Association North (MBA North),Industry body / directory,General reception,info@mbanorth.co.za,+27 11 805 6611,"CMA Office Park, No.1 2nd Road, Halfway House, Midrand, 1685",https://www.mbanorth.co.za/contact-us/,"Runs a member directory of hundreds of vetted Gauteng builders at mbanorth.co.za/find-a-builder/member-list/ — best single source to expand this list legitimately"
Master Builders Association North (MBA North),Industry body / directory,Amisha - Marketing & Business Development,amisha@mbanorth.co.za,+27 11 805 6611,"CMA Office Park, No.1 2nd Road, Halfway House, Midrand, 1685",https://www.mbanorth.co.za/contact-us/,Marketing/partnerships contact - good entry point for a trade-supplier introduction
National Home Builders Registration Council (NHBRC) - Gauteng,Regulator / registered-builder database,General enquiries,thenhbrc@nhbrc.org.za,011 317 0000,"27 Leeuwkop Road, Sunninghill, Johannesburg",https://www.nhbrc.org.za/,"Regulator, not a sales prospect itself - but its register of NHBRC-enrolled home builders is a legitimate source for expanding this list"
Stefanutti Stocks - Building Division (Gauteng),Construction company (major contractor),Building division,building@stefstocks.com,+27 11 820 4600,"9 Palala Street, Chloorkop, Kempton Park, Johannesburg, 1619",https://www.stefanuttistocks.com/contact/articleid/31/stefanutti-stocks-building-gauteng,Large JSE-listed contractor - target for subcontractor/tender list rather than cold sales pitch
Raubex Building,Construction company (major contractor),Building division,building@raubex.com,011 325 0730,"Highgrove Office Park, Building 7, 50 Tegel Ave, Highveld, Centurion, 0157",https://www.raubexbuilding.com/contact-us/,
AfriSam South Africa,Building materials / construction supplier,General office,,011 670 5560,"Cnr 14th Avenue & Hendrik Potgieter Rd, Constantia Office Park, Roodepoort",https://www.afrisam.co.za/locations/,No public email confirmed - use website contact form
Aveng Group,Construction company (major contractor, JSE-listed),Head office,,+27 11 779 2800,"2 Merlin Drive, Parkhaven, Boksburg, Gauteng, 1459",https://aveng.co.za/contact-us/,Large group - contact via website form for the relevant operating division rather than head office switchboard
Enzani Technologies,Construction / civils contractor,General office,info@enzani.co.za,011 835 1880,"73 Planet Avenue, Enco Park Crown Mines, Unit 2, Johannesburg, 2092",Publicly listed business contact (search aggregation - verify on enzani.co.za before use),Verify current details directly on company website before mailing
DG Con Civils,Civil construction contractor,General office,admin@dgconstruction.co.za,010 443 7192,Johannesburg area,Publicly listed business contact (search aggregation - verify on dgconstruction.co.za before use),Verify current details directly on company website before mailing
